"Qty";"Value";"Device";"Package";"Parts";"Description";"CAPACITANCE";"DKPN";"MANUFACTURER";"MOPN";"MPN";"POWER";"RESISTANCE";"TEENSY";"TOLERANCE";"VOLTAGE";"VOLTAGE_CONTINUOUS";"VOLTAGE_MAX";
"1";"ADAFRUIT_BNO055";"ADAFRUIT_BNO055";"ADAFRUIT_BNO055";"U1";"Adafruit 9-DOF Absolute Orientation IMU Fusion Breakout - BNO055";"";"";"";"";"2472";"";"";"";"";"";"";"";
"1";"CAPACITOR_0603_10V_1UF";"CAPACITOR_0603_10V_1UF";"0603-CAP";"C4";"Capacitor, Non-Polarized";"1µF";"311-1796-1-ND";"Yageo";"603-CC603KRX7R6BB105";"CC0603KRX7R6BB105";"";"";"";"10%";"10V";"";"";
"1";"CAPACITOR_0603_10V_4.7UF";"CAPACITOR_0603_10V_4.7UF";"0603-CAP";"C5";"Capacitor, Non-Polarized";"4.7µF";"1276-1044-1-ND";"Samsung Electro-Mechanics";"187-CL10A475KP8NNNC";"CL10A475KP8NNNC";"";"";"";"10%";"10V";"";"";
"12";"CONNECTOR_3__0.1"_INCH_TH";"CONNECTOR_3__0.1"_INCH_TH";"0.1"_TH_HEADER";"J1, J2, J3, J4, J5, J6, J7, J8, J9, J10, J11, J12";"";"";"";"";"";"TSW-103-23-T-S";"";"";"";"";"";"";"";
"6";"RESISTOR_0603_10K";"RESISTOR_0603_10K";"0603-RES";"R1, R3, R5, R7, R9, R11";"Resistor";"";"311-10.0KHRCT-ND";"Yageo";"603-RC0603FR-0710KL";"RC0603FR-0710KL";"0.1W";"10k";"";"1%";"";"31.62V";"75V";
"6";"RESISTOR_0603_15K";"RESISTOR_0603_15K";"0603-RES";"R2, R4, R6, R8, R10, R12";"Resistor";"";"P15KBDCT-ND";"Panasonic Electronic Components";"667-ERA-3ARB153V";"ERA-3ARB153V";"0.1W";"15k";"";"0.1%";"";"38.73V";"75V";
"1";"TEENSY_4.0TH";"TEENSY_4.0TH";"TEENSY_SHORT";"A1";"Teensy 4.0";"";"";"";"";"";"";"";"4.0";"";"";"";"";
"1";"VOLTAGE_REGULATOR_SOT-23-5_5V";"VOLTAGE_REGULATOR_SOT-23-5_5V";"SOT-23-5";"U2";"Voltage Regulators";"";"497-ST732M50RTR-ND";"STMicroelectronics";"511-ST732M50R";"ST732M50R";"";"";"";"";"";"";"";
