"Qty";"Value";"Device";"Package";"Parts";"Description";"CAPACITANCE";"DKPN";"MANUFACTURER";"MOPN";"MPN";"POWER";"RESISTANCE";"TEENSY";"TOLERANCE";"VOLTAGE";"VOLTAGE_CONTINUOUS";"VOLTAGE_MAX";
"3";"ADG1421";"ADG1421";"MSOP-10";"U3, U4, U5";"ADG1423 Form-A/Form-C Analog Switch";"";"ADG1421BRMZ";"Analog Devices Inc.";"584-ADG1421BRMZ";"ADG1421BRMZ";"";"";"";"";"";"";"";
"1";"CAPACITOR_0603_10V_0.1UF";"CAPACITOR_0603_10V_0.1UF";"0603-CAP";"C2";"Capacitor, Non-Polarized";"0.1µF";"720-1688-1-ND";"Vishay Vitramon";"77-VJ0603Y104JXQPBC";"VJ0603Y104JXQPW1BC";"";"";"";"5%";"10V";"";"";
"1";"CAPACITOR_0603_10V_10NF";"CAPACITOR_0603_10V_10NF";"0603-CAP";"C1";"Capacitor, Non-Polarized";"10nF";"311-4054-1-ND";"Yageo";"603-CC603KRX7R6BB103";"CC0603KRX7R6BB103";"";"";"";"10%";"10V";"";"";
"1";"CAPACITOR_0603_10V_1UF";"CAPACITOR_0603_10V_1UF";"0603-CAP";"C4";"Capacitor, Non-Polarized";"1µF";"311-1796-1-ND";"Yageo";"603-CC603KRX7R6BB105";"CC0603KRX7R6BB105";"";"";"";"10%";"10V";"";"";
"2";"CAPACITOR_0603_10V_4.7UF";"CAPACITOR_0603_10V_4.7UF";"0603-CAP";"C3, C5";"Capacitor, Non-Polarized";"4.7µF";"1276-1044-1-ND";"Samsung Electro-Mechanics";"187-CL10A475KP8NNNC";"CL10A475KP8NNNC";"";"";"";"10%";"10V";"";"";
"12";"CONNECTOR_3__0.1"_INCH_TH";"CONNECTOR_3__0.1"_INCH_TH";"0.1"_TH_HEADER";"J1, J2, J3, J4, J5, J6, J7, J8, J9, J10, J11, J12";"";"";"";"";"";"TSW-103-23-T-S";"";"";"";"";"";"";"";
"1";"ICM-42605";"ICM-42605";"ICM-42605";"U1";"";"";"";"";"";"ICM-42605";"";"";"";"";"";"";"";
"18";"RESISTOR_0603_10K";"RESISTOR_0603_10K";"0603-RES";"R1, R2, R3, R4, R5, R6, R7, R8, R9, R10, R11, R12, R13, R14, R15, R16, R17, R18";"Resistor";"";"311-10.0KHRCT-ND";"Yageo";"603-RC0603FR-0710KL";"RC0603FR-0710KL";"0.1W";"10k";"";"1%";"";"31.62V";"75V";
"1";"TEENSY_4.0";"TEENSY_4.0";"TEENSY_SHORT";"A1";"Teensy 4.0";"";"";"";"";"";"";"";"4.0";"";"";"";"";
"1";"VOLTAGE_REGULATOR_SOT-23-5_5V";"VOLTAGE_REGULATOR_SOT-23-5_5V";"SOT-23-5";"U2";"Voltage Regulators";"";"497-ST732M50RTR-ND";"STMicroelectronics";"511-ST732M50R";"ST732M50R";"";"";"";"";"";"";"";
